Source,Platform,Title,Type,Original Price,Start/Discovery Date,End Date,URL
API (Ativo),Epic Games,BURIED STARS,Jogo,"R$ 75,49",Disponível,08/10/2026 às 15:00 (UTC),https://store.epicgames.com/pt-BR/p/buried-stars-d7c88c
API (Ativo),Epic Games,Dominion Synergy Gift Pack Key Giveaway,DLC / Extra,N/A,Disponível,Enquanto durarem os estoques,https://www.gamerpower.com/open/dominion-synergy-gift-pack-key-giveaway
API (Ativo),Epic Games,DungeonLoot: Open Beta Has Arrived!,DLC / Extra,N/A,Disponível,Enquanto durarem os estoques,https://www.gamerpower.com/open/dungeonloot-open-beta-has-arrived
API (Ativo),Epic Games,System Shock 2: 25th Anniversary Remaster,Jogo,"R$ 80,99",Disponível,08/10/2026 às 15:00 (UTC),https://store.epicgames.com/pt-BR/p/system-shock-2-25th-anniversary-remaster-cb94d9
API (Ativo),"PC, Playstation 4, Xbox One",Destiny 2 Emblem Key Giveaway,DLC / Extra,N/A,Disponível,Enquanto durarem os estoques,https://www.gamerpower.com/open/destiny-2-emblem-key-giveaway
API (Ativo),"PC, Playstation 4, Xbox One",Destiny 2: Free Emblem Codes,DLC / Extra,N/A,Disponível,Enquanto durarem os estoques,https://www.gamerpower.com/open/destiny-2-free-emblem-codes
API (Ativo),"PC, Playstation 4, Xbox One",Free Rocket League Codes,DLC / Extra,N/A,Disponível,Enquanto durarem os estoques,https://www.gamerpower.com/open/free-rocket-league-codes
API (Ativo),"PC, Playstation 5, Android, iOS",Arknights: Endfield Gift Pack Key Giveaway,DLC / Extra,N/A,Disponível,Enquanto durarem os estoques,https://www.gamerpower.com/open/arknights-endfield-gift-pack-key-giveaway
API (Ativo),"PC, Playstation 5, Playstation 4",Genshin Impact: New Primogems Codes,DLC / Extra,N/A,Disponível,Enquanto durarem os estoques,https://www.gamerpower.com/open/genshin-impact-new-primogems-codes
API (Ativo),"PC, Playstation 5, Xbox One",Tomb Raider Legacy of Atlantis: Lara Croft Wetsuit Skin Giveaway,DLC / Extra,N/A,Disponível,Enquanto durarem os estoques,https://www.gamerpower.com/open/tomb-raider-legacy-of-atlantis-lara-croft-wetsuit-skin-giveaway
API (Ativo),"PC, Playstation 5, Xbox Series X|S, Android, iOS",Aniimo Gift Pack Key Giveaway,DLC / Extra,N/A,Disponível,2026-10-30 23:59:00,https://www.gamerpower.com/open/aniimo-gift-pack-key-giveaway
API (Ativo),"PC, Playstation 5, Xbox Series X|S, Playstation 4, Xbox One",The Elder Scrolls Online: Experience Scroll Key Giveaway,DLC / Extra,N/A,Disponível,Enquanto durarem os estoques,https://www.gamerpower.com/open/the-elder-scrolls-online-experience-scroll-key-giveaway
API (Ativo),"PC, Playstation 5, Xbox Series X|S, Playstation 4, Xbox One",The Elder Scrolls Online: Pyromancer's Quandary Emote Key Giveaway,DLC / Extra,N/A,Disponível,Enquanto durarem os estoques,https://www.gamerpower.com/open/the-elder-scrolls-online-pyromancer-s-quandary-emote-key-giveaway
API (Ativo),"PC, Playstation 5, Xbox Series X|S, Playstation 4, Xbox One, Android, iOS",Idle Champions Lae'zel Key Giveaway,DLC / Extra,N/A,Disponível,Enquanto durarem os estoques,https://www.gamerpower.com/open/idle-champions-lae-zel-key-giveaway
API (Ativo),"PC, Playstation 5, Xbox Series X|S, Playstation 4, Xbox One, Android, iOS",Warframe Igaro Syandana and Ice Colour Picker Pack Key Giveaway,DLC / Extra,N/A,Disponível,Enquanto durarem os estoques,https://www.gamerpower.com/open/warframe-igaro-syandana-and-ice-colour-picker-pack-key-giveaway
API (Ativo),Prime Gaming (Amazon),Wall World 2,Jogo,Incluído no Prime,Disponível,Verifique no site,https://luna.amazon.com/claims/wall-world-2-aga/dp/amzn1.pg.item.11e467f2-b0e3-4a1e-9dee-4cd723e92ee9
API (Ativo),Prime Gaming (Epic),Botany Manor,Jogo,Incluído no Prime,Disponível,Verifique no site,https://luna.amazon.com/claims/botany-manor-epic/dp/amzn1.pg.item.fe9fbd08-590e-4d6d-9a94-f22f4548c09d
API (Ativo),Prime Gaming (Epic),Drop Duchy,Jogo,Incluído no Prime,Disponível,Verifique no site,https://luna.amazon.com/claims/drop-duchy-epic/dp/amzn1.pg.item.2cb13abe-d709-4d5c-8d65-35bdc91d3b4d
API (Ativo),Prime Gaming (Epic),High on Life,Jogo,Incluído no Prime,Disponível,Verifique no site,https://luna.amazon.com/claims/high-on-life-epic/dp/amzn1.pg.item.351cbaa9-ac70-4e47-93b6-1a4cb7dd38c8
API (Ativo),Prime Gaming (Epic),Hue,Jogo,Incluído no Prime,Disponível,Verifique no site,https://luna.amazon.com/claims/hue-epic/dp/amzn1.pg.item.d7de294d-c66d-4445-824d-ec9292fa1acb
API (Ativo),Prime Gaming (Epic),Just Die Already,Jogo,Incluído no Prime,Disponível,Verifique no site,https://luna.amazon.com/claims/just-die-already-epic/dp/amzn1.pg.item.1197607b-4bcd-4aba-a43d-0103afdf7d76?g=s
API (Ativo),Prime Gaming (Epic),Rims Racing,Jogo,Incluído no Prime,Disponível,Verifique no site,https://luna.amazon.com/claims/rims-racing-epic/dp/amzn1.pg.item.2cf2cac0-6b4d-4b5e-9064-2005dad4ede7
API (Ativo),Prime Gaming (Epic),War Hospital,Jogo,Incluído no Prime,Disponível,Verifique no site,https://luna.amazon.com/claims/war-hospital-epic/dp/amzn1.pg.item.77edd2b0-e0d7-41b2-87f7-8ef5541701e4
API (Ativo),Prime Gaming (GOG),DOOM + DOOM II,Jogo,Incluído no Prime,Disponível,Verifique no site,https://luna.amazon.com/claims/doom-doom-ii-gog/dp/amzn1.pg.item.db1d5024-9037-4d32-9543-37a9577e7d86
API (Ativo),Prime Gaming (Legacy),The Da Vinci Cryptex,Jogo,Incluído no Prime,Disponível,Verifique no site,https://luna.amazon.com/claims/the-da-vinci-cryptex-legacy/dp/amzn1.pg.item.6cd3cd34-9ede-48df-bf9a-cc154ed97525
API (Ativo),Prime Gaming (Microsoft),DOOM Eternal,Jogo,Incluído no Prime,Disponível,Verifique no site,https://luna.amazon.com/claims/doom-eternal-microsoft/dp/amzn1.pg.item.1c490f2e-c698-4077-94a6-6a69c98945e2
API (Ativo),Steam,3on3 FreeStyle: Beginner's Starter Kit (Steam) Giveaway,DLC / Extra,N/A,Disponível,Enquanto durarem os estoques,https://www.gamerpower.com/open/3on3-freestyle-beginner-s-starter-kit-steam-giveaway
API (Ativo),Steam,Age of Wonders 4: Special Godir Helmet Steam Key Giveaway,DLC / Extra,N/A,Disponível,Enquanto durarem os estoques,https://www.gamerpower.com/open/age-of-wonders-4-special-godir-helmet-steam-key-giveaway
API (Ativo),Steam,Chop Shop Playtest (Steam) Key Giveaway,DLC / Extra,N/A,Disponível,Enquanto durarem os estoques,https://www.gamerpower.com/open/chop-shop-playtest-steam-key-giveaway
API (Ativo),Steam,DAVE THE DIVER - Godzilla Content Pack (Steam) Giveaway,DLC / Extra,N/A,Disponível,2026-12-31 23:59:00,https://www.gamerpower.com/open/dave-the-diver-godzilla-content-pack-steam-giveaway
API (Ativo),Steam,Deadswitch Combat Vehicle Bundle Steam Key Giveaway,DLC / Extra,$4.99,Disponível,Enquanto durarem os estoques,https://www.gamerpower.com/open/deadswitch-combat-vehicle-bundle-steam-key-giveaway
API (Ativo),Steam,Deadswitch Combat: Soldier Bundle (Steam) Giveaway,DLC / Extra,$9.99,Disponível,Enquanto durarem os estoques,https://www.gamerpower.com/open/deadswitch-combat-soldier-bundle-steam-giveaway
API (Ativo),Steam,Deadswitch Combat: Weapons Skins Steam Key Giveaway,DLC / Extra,$9.99,Disponível,Enquanto durarem os estoques,https://www.gamerpower.com/open/deadswitch-combat-weapons-skins-steam-key-giveaway
API (Ativo),Steam,Destiny 2: Be True Emblem Code,DLC / Extra,N/A,Disponível,Enquanto durarem os estoques,https://www.gamerpower.com/open/destiny-2-be-true-emblem-code
API (Ativo),Steam,Dream of Mirror Online Summer Fun DLC Pack Steam Keys,DLC / Extra,N/A,Disponível,Enquanto durarem os estoques,https://www.gamerpower.com/open/domo-summer-fun-dlc-steam-keys
API (Ativo),Steam,Dwarven Realms (Steam) Key Giveaway,Jogo,$9.99,Disponível,Enquanto durarem os estoques,https://www.gamerpower.com/open/dwarven-realms-steam-key-giveaway
API (Ativo),Steam,EVERSPACE 2 Decal DLC Steam Key Giveaway,DLC / Extra,N/A,Disponível,Enquanto durarem os estoques,https://www.gamerpower.com/open/everspace-2-decal-dlc-steam-key-giveaway
API (Ativo),Steam,Endless Space 2 - Untold Tales DLC (Steam) Giveaway,DLC / Extra,$2.99,Disponível,Enquanto durarem os estoques,https://www.gamerpower.com/open/endless-space-2-untold-tales-dlc-steam-giveaway
API (Ativo),Steam,Exoprimal: Alienware Decal Steam Key Giveaway,DLC / Extra,N/A,Disponível,Enquanto durarem os estoques,https://www.gamerpower.com/open/exoprimal-alienware-decal-steam-key-giveaway
API (Ativo),Steam,Fantasy Grounds Dragons NPC Dice Pack Volume 1 Steam Key Giveaway,DLC / Extra,$4.99,Disponível,Enquanto durarem os estoques,https://www.gamerpower.com/open/fantasy-grounds-dragons-npc-dice-pack-volume-1-steam-key-giveaway
API (Ativo),Steam,Free Bomb Bots Arena Gift Pack Keys,DLC / Extra,N/A,Disponível,Enquanto durarem os estoques,https://www.gamerpower.com/open/free-bomb-bots-arena-gift-pack-keys
API (Ativo),Steam,GOALS: AMD Kit Key Giveaway,DLC / Extra,N/A,Disponível,Enquanto durarem os estoques,https://www.gamerpower.com/open/goals-amd-kit-steam-key-giveaway
API (Ativo),Steam,MXGP 26 - Scrubdesignz Liveries (Steam) Giveaway,DLC / Extra,$1.99,Disponível,2026-10-15 23:59:00,https://www.gamerpower.com/open/mxgp-26-scrubdesignz-liveries-steam-giveaway
API (Ativo),Steam,No Brakes Club Playtest Steam Key Giveaway,DLC / Extra,N/A,Disponível,2026-10-18 23:59:59,https://www.gamerpower.com/open/no-brakes-club-playtest-steam-keys
API (Ativo),Steam,Overstep Skin Key Giveaway,DLC / Extra,N/A,Disponível,Enquanto durarem os estoques,https://www.gamerpower.com/open/overstep-skin-key-giveaway
API (Ativo),Steam,Payday 2: Free In-game Items Giveaway,DLC / Extra,N/A,Disponível,Enquanto durarem os estoques,https://www.gamerpower.com/open/payday-2-free-in-game-items-giveaway
API (Ativo),Steam,RIDE 6 Welcome Bikes Pack Steam Key Giveaway,DLC / Extra,$2.99,Disponível,Enquanto durarem os estoques,https://www.gamerpower.com/open/ride-6-welcome-bikes-pack-steam-key-giveaway
API (Ativo),Steam,Thunder League Online: Free Points Key Giveaway,DLC / Extra,N/A,Disponível,Enquanto durarem os estoques,https://www.gamerpower.com/open/thunder-league-online-free-points-key-giveaway
API (Ativo),Steam,Two Point Hospital: SEGA 60th Items DLC,DLC / Extra,N/A,Disponível,Enquanto durarem os estoques,https://www.gamerpower.com/open/two-point-hospital-sega-60th-items-dlc
API (Ativo),Steam,Zero King (Beta) Steam Key Giveaway,DLC / Extra,N/A,Disponível,Enquanto durarem os estoques,https://www.gamerpower.com/open/zero-king-beta-steam-key-giveaway
API (Agendado),Epic Games,Out of Sight,Jogo,"R$ 44,99",08/10/2026 às 15:00 (UTC),15/10/2026 às 15:00 (UTC),https://store.epicgames.com/pt-BR/p/out-of-sight-b96ca8
API (Agendado),Epic Games,TerraScape,Jogo,"R$ 44,99",08/10/2026 às 15:00 (UTC),15/10/2026 às 15:00 (UTC),https://store.epicgames.com/pt-BR/p/terrascape-2b12b1
Web Search (Serper (Google)),Múltiplas,15 jogos grátis para PC que todo gamer precisa baixar,Portal / Oferta,Grátis / Desconto,01/10/2026,Enquanto durar o estoque,https://www.techtudo.com.br/listas/2024/09/15-jogos-gratis-para-pc-que-todo-gamer-precisa-baixar-edjogos.ghtml
Web Search (Serper (Google)),Múltiplas,Steamで100% OFF：MXGP 26 - Scrubdesignz Liveries,Portal / Oferta,Grátis / Desconto,01/10/2026,Enquanto durar o estoque,https://store.steampowered.com/app/4847440/MXGP_26__Scrubdesignz_Liveries
Web Search (Serper (Google)),Múltiplas,Steamで100% OFF：IQ Under Construction,Portal / Oferta,Grátis / Desconto,01/10/2026,Enquanto durar o estoque,https://store.steampowered.com/app/3771740/IQ_Under_Construction
Web Search (Serper (Google)),Múltiplas,Save 60% on Gravity Circuit on Steam,Portal / Oferta,Grátis / Desconto,01/10/2026,Enquanto durar o estoque,https://store.steampowered.com/app/858710/_
Web Search (Serper (Google)),Múltiplas,Final Offer: 100% Off,Portal / Oferta,Grátis / Desconto,01/10/2026,Enquanto durar o estoque,https://store.steampowered.com/app/4082860/Final_Offer_100_Off
Web Search (Serper (Google)),Múltiplas,Jogos Grátis BR,Portal / Oferta,Grátis / Desconto,01/10/2026,Enquanto durar o estoque,https://store.steampowered.com/curator/6267774-Jogos-Gr%25C3%25A1tis-BR
Web Search (Serper (Google)),Múltiplas,Revisão do ano de 2025 da Epic Games Store,Portal / Oferta,Grátis / Desconto,13/09/2026,Enquanto durar o estoque,https://store.epicgames.com/news/epic-games-store-2025-year-in-review
Web Search (Serper (Google)),Múltiplas,Melhores jogos grátis da Steam? Começando agora no PC gaming,Portal / Oferta,Grátis / Desconto,12/09/2026,Enquanto durar o estoque,https://www.reddit.com/r/ShouldIbuythisgame/comments/1k7mua5/best_free_steam_games_just_getting_into_pc_gaming
Web Search (Serper (Google)),Múltiplas,Jogos Online Grátis | Jogue Agora na CrazyGames!,Portal / Oferta,Grátis / Desconto,11/09/2026,Enquanto durar o estoque,https://www.crazygames.com/br
Web Search (Serper (Google)),Múltiplas,"Aproveita ofertas de jogos, brindes grátis e muito mais! - Epic Games",Portal / Oferta,Grátis / Desconto,11/09/2026,Enquanto durar o estoque,https://store.epicgames.com/news/epic-games-mega-sale-buyers-guide
Web Search (Serper (Google)),Múltiplas,Steam Curator: Só Jogos Gratis,Portal / Oferta,Grátis / Desconto,11/09/2026,Enquanto durar o estoque,https://store.steampowered.com/curator/31501281-S%C3%B3-Jogos-Gratis
Web Search (Serper (Google)),Múltiplas,"Baixe jogos grátis para Windows: FPS, estratégia, RPGs",Portal / Oferta,Grátis / Desconto,10/09/2026,Enquanto durar o estoque,https://br.uptodown.com/windows/games
Web Search (Serper (Google)),Múltiplas,Baixe nossos Jogos de Aventura - Epic Games,Portal / Oferta,Grátis / Desconto,10/09/2026,Enquanto durar o estoque,https://store.epicgames.com/c/adventure-games
Web Search (Serper (Google)),Múltiplas,Steam Curator: Recanto dos Jogos Leves,Portal / Oferta,Grátis / Desconto,10/09/2026,Enquanto durar o estoque,https://store.steampowered.com/curator/36950778-Recanto-dos-Jogos-Leves/lists
Web Search (Serper (Google)),Múltiplas,Steamで100% OFF：Deponia,Portal / Oferta,Grátis / Desconto,09/09/2026,Enquanto durar o estoque,https://store.steampowered.com/app/214340/Deponia
Web Search (Google/Bing),Múltiplas,Download A Free PC Game Every Week - Epic Games Store,Portal / Oferta,Grátis / Desconto,09/09/2026,Enquanto durar o estoque,https://store.epicgames.com/free-games
Web Search (Serper (Google)),Múltiplas,Steam Store,Portal / Oferta,Grátis / Desconto,09/09/2026,Enquanto durar o estoque,https://store.steampowered.com
Web Search (Serper (Google)),Múltiplas,Jogos Grátis para Jogar - Steam,Portal / Oferta,Grátis / Desconto,09/09/2026,Enquanto durar o estoque,https://store.steampowered.com/genre/Free%20to%20Play
Web Search (Serper (Google)),Múltiplas,Os melhores jogos grátis para PC – Epic Games Store,Portal / Oferta,Grátis / Desconto,08/09/2026,Enquanto durar o estoque,https://store.epicgames.com/collection/top-free-to-play
Web Search (Serper (Google)),Múltiplas,Steam Curator: Jogos gratis brasil,Portal / Oferta,Grátis / Desconto,01/09/2026,Enquanto durar o estoque,https://store.steampowered.com/curator/6874381-Jogos-gratis-brasil
